{
   "A":{
      "Close":160.88,
      "P/E":50.12,
      "P/B":9.86,
      "Dividend %":0.0048,
      "52W High":-0.1041,
      "52W Low":0.5294,
      "Perf Week":0.0286,
      "Perf Month":0.0543,
      "Perf Quarter":-0.0073,
      "Perf Half Y":0.2365,
      "Perf Year":0.47000000000000003,
      "Perf YTD":0.3578
   },
   "AA":{
      "Close":51.92,
      "P/E":12.09,
      "P/B":2.5,
      "Dividend %":0.0077,
      "52W High":-0.0981,
      "52W Low":2.4248,
      "Perf Week":0.0848,
      "Perf Month":0.0683,
      "Perf Quarter":0.19579999999999997,
      "Perf Half Y":0.2763,
      "Perf Year":2.3239,
      "Perf YTD":1.2525
   },
   "AAC":{
      "Close":9.85,
      "P/E":101.55,
      "P/B":1.34,
      "Dividend %":"-",
      "52W High":-0.015,
      "52W Low":0.0368,
      "Perf Week":0.0031,
      "Perf Month":0.0092,
      "Perf Quarter":0.0134,
      "Perf Half Y":0.0092,
      "Perf Year":"-",
      "Perf YTD":-0.002
   },
   "AAIC":{
      "Close":3.82,
      "P/E":"-",
      "P/B":0.65,
      "Dividend %":"-",
      "52W High":-0.13570000000000002,
      "52W Low":0.4096,
      "Perf Week":-0.0026000000000000003,
      "Perf Month":-0.0426,
      "Perf Quarter":0.0053,
      "Perf Half Y":-0.049800000000000004,
      "Perf Year":0.3643,
      "Perf YTD":0.0106
   },
   "AAL":{
      "Close":20.29,
      "P/E":"-",
      "P/B":"-",
      "Dividend %":"-",
      "52W High":-0.2223,
      "52W Low":0.7415999999999999,
      "Perf Week":-0.0701,
      "Perf Month":0.033100000000000004,
      "Perf Quarter":0.0268,
      "Perf Half Y":-0.131,
      "Perf Year":0.7283,
      "Perf YTD":0.2866
   },
   "AAN":{
      "Close":26.27,
      "P/E":9.34,
      "P/B":1.18,
      "Dividend %":0.0152,
      "52W High":-0.2993,
      "52W Low":0.6215999999999999,
      "Perf Week":0.0262,
      "Perf Month":-0.0489,
      "Perf Quarter":-0.055,
      "Perf Half Y":-0.1974,
      "Perf Year":"-",
      "Perf YTD":0.38549999999999995
   },
   "AAOI":{
      "Close":6.08,
      "P/E":"-",
      "P/B":0.59,
      "Dividend %":"-",
      "52W High":-0.5640999999999999,
      "52W Low":0.09550000000000002,
      "Perf Week":0.0375,
      "Perf Month":-0.17170000000000002,
      "Perf Quarter":-0.10060000000000001,
      "Perf Half Y":-0.21850000000000003,
      "Perf Year":-0.2031,
      "Perf YTD":-0.28550000000000003
   },
   "AAON":{
      "Close":77.49,
      "P/E":54.26,
      "P/B":10.58,
      "Dividend %":0.0049,
      "52W High":-0.0463,
      "52W Low":0.3085,
      "Perf Week":0.048600000000000004,
      "Perf Month":0.1183,
      "Perf Quarter":0.11750000000000001,
      "Perf Half Y":0.1417,
      "Perf Year":0.23140000000000002,
      "Perf YTD":0.163
   }
}